{
  "phase": 2,
  "config_hash": "e30a49f0934e",
  "seed": 42,
  "n_steps": 20,
  "llm_mode": "mock",
  "final_state_counts": {
    "S": 316,
    "I": 282,
    "R": 402,
    "F": 0
  },
  "infection_rate": 0.282,
  "num_nodes": 1000,
  "num_edges": 7697,
  "density": 0.01540940940940941,
  "avg_degree": 15.394,
  "num_connected_components": 1,
  "avg_clustering": 0.7497346969865698,
  "max_degree": 382,
  "min_degree": 1,
  "std_degree": 26.20108326004862,
  "modularity_q": 0.658265912645826,
  "echo_chamber_index": 0.8751567687020567,
  "belief_polarisation": 0.5968439999999999,
  "mean_belief": 0.483,
  "n_S": 316,
  "n_I": 282,
  "n_R": 402,
  "n_F": 0,
  "transitions": 3,
  "edges_added": 0,
  "edges_removed": 0,
  "gnn_loss": 0.6791621446609497
}